-- ============================================
-- PATINHAS CRM — DADOS FICTÍCIOS PARA TESTE
-- Execute no SQL Editor do Supabase
-- ============================================

-- ---------------
-- TUTORES
-- ---------------
insert into tutores (id, nome, telefone, email, created_at) values
  ('a1000000-0000-0000-0000-000000000001', 'Ana Paula Souza',   '(84) 99811-1111', 'ana.souza@email.com',     '2024-08-10 09:00:00'),
  ('a1000000-0000-0000-0000-000000000002', 'Carlos Mendes',     '(84) 99822-2222', 'carlos.mendes@email.com', '2024-09-05 10:30:00'),
  ('a1000000-0000-0000-0000-000000000003', 'Fernanda Lima',     '(84) 99833-3333', 'fernanda.lima@email.com', '2024-10-01 08:00:00'),
  ('a1000000-0000-0000-0000-000000000004', 'Roberto Alves',     '(84) 99844-4444', 'roberto.alves@email.com', '2024-10-15 11:00:00'),
  ('a1000000-0000-0000-0000-000000000005', 'Mariana Costa',     '(84) 99855-5555', 'mariana.costa@email.com', '2024-11-03 14:00:00'),
  ('a1000000-0000-0000-0000-000000000006', 'Joao Batista',      '(84) 99866-6666', 'joao.batista@email.com',  '2024-11-20 09:30:00'),
  ('a1000000-0000-0000-0000-000000000007', 'Patricia Nunes',    '(84) 99877-7777', 'patricia.nunes@email.com','2024-12-02 16:00:00'),
  ('a1000000-0000-0000-0000-000000000008', 'Diego Ferreira',    '(84) 99888-8888', 'diego.ferreira@email.com','2024-12-18 10:00:00'),
  ('a1000000-0000-0000-0000-000000000009', 'Luciana Rocha',     '(84) 99899-9999', 'luciana.rocha@email.com', '2025-01-07 08:30:00'),
  ('a1000000-0000-0000-0000-000000000010', 'Thiago Cavalcante', '(84) 99800-0000', 'thiago.caval@email.com',  '2025-01-25 13:00:00');

-- ---------------
-- ANIMAIS
-- ---------------
insert into animais (id, tutor_id, nome, especie, raca, data_nascimento, created_at) values
  ('b2000000-0000-0000-0000-000000000001', 'a1000000-0000-0000-0000-000000000001', 'Thor',    'Cao',  'Labrador',         '2021-03-15', '2024-08-10 09:05:00'),
  ('b2000000-0000-0000-0000-000000000002', 'a1000000-0000-0000-0000-000000000001', 'Mel',     'Gato', 'Siames',           '2022-07-20', '2024-08-10 09:06:00'),
  ('b2000000-0000-0000-0000-000000000003', 'a1000000-0000-0000-0000-000000000002', 'Rex',     'Cao',  'Pastor Alemao',    '2020-11-01', '2024-09-05 10:35:00'),
  ('b2000000-0000-0000-0000-000000000004', 'a1000000-0000-0000-0000-000000000003', 'Bolinha', 'Cao',  'Poodle',           '2023-01-10', '2024-10-01 08:05:00'),
  ('b2000000-0000-0000-0000-000000000005', 'a1000000-0000-0000-0000-000000000003', 'Nina',    'Gato', 'Persa',            '2022-05-18', '2024-10-01 08:06:00'),
  ('b2000000-0000-0000-0000-000000000006', 'a1000000-0000-0000-0000-000000000004', 'Duke',    'Cao',  'Bulldog Frances',  '2021-08-22', '2024-10-15 11:05:00'),
  ('b2000000-0000-0000-0000-000000000007', 'a1000000-0000-0000-0000-000000000005', 'Luna',    'Cao',  'Golden Retriever', '2022-02-14', '2024-11-03 14:05:00'),
  ('b2000000-0000-0000-0000-000000000008', 'a1000000-0000-0000-0000-000000000006', 'Pitoco',  'Cao',  'Vira-lata',        '2019-06-30', '2024-11-20 09:35:00'),
  ('b2000000-0000-0000-0000-000000000009', 'a1000000-0000-0000-0000-000000000007', 'Mia',     'Gato', 'Maine Coon',       '2023-04-05', '2024-12-02 16:05:00'),
  ('b2000000-0000-0000-0000-000000000010', 'a1000000-0000-0000-0000-000000000008', 'Bob',     'Cao',  'Beagle',           '2020-09-12', '2024-12-18 10:05:00'),
  ('b2000000-0000-0000-0000-000000000011', 'a1000000-0000-0000-0000-000000000009', 'Chico',   'Cao',  'Dachshund',        '2021-12-01', '2025-01-07 08:35:00'),
  ('b2000000-0000-0000-0000-000000000012', 'a1000000-0000-0000-0000-000000000010', 'Cacau',   'Gato', 'Ragdoll',          '2022-10-25', '2025-01-25 13:05:00');

-- ---------------
-- SERVICOS
-- ---------------
insert into servicos (id, nome, preco, descricao, created_at) values
  ('c3000000-0000-0000-0000-000000000001', 'Consulta Clinica',        80.00,  'Avaliacao geral do animal',                          '2024-08-01 08:00:00'),
  ('c3000000-0000-0000-0000-000000000002', 'Vacina V8/V10',          120.00,  'Polivalente anual para caes',                        '2024-08-01 08:00:00'),
  ('c3000000-0000-0000-0000-000000000003', 'Vacina Antirrabica',      60.00,  'Obrigatoria anual',                                  '2024-08-01 08:00:00'),
  ('c3000000-0000-0000-0000-000000000004', 'Banho e Tosa',            70.00,  'Banho completo com tosa higienica',                  '2024-08-01 08:00:00'),
  ('c3000000-0000-0000-0000-000000000005', 'Exame de Sangue',        150.00,  'Hemograma completo',                                 '2024-08-01 08:00:00'),
  ('c3000000-0000-0000-0000-000000000006', 'Aplicacao de Vermifugo',  45.00,  'Vermifugacao preventiva',                            '2024-08-01 08:00:00'),
  ('c3000000-0000-0000-0000-000000000007', 'Retorno / Pos-consulta',  40.00,  'Acompanhamento de tratamento',                       '2024-08-01 08:00:00'),
  ('c3000000-0000-0000-0000-000000000008', 'Micropipagem',           200.00,  'Identificacao permanente por microchip',              '2024-08-01 08:00:00'),
  ('c3000000-0000-0000-0000-000000000009', 'Ultrassonografia',       250.00,  'Imagem abdominal e toracica',                        '2024-08-01 08:00:00'),
  ('c3000000-0000-0000-0000-000000000010', 'Plano Preventivo Mensal', 99.00,  'Consulta + vermifugo + desconto em exames todo mes', '2024-08-01 08:00:00');

-- ---------------
-- VACINAS
-- ---------------
insert into vacinas (id, animal_id, nome, data_aplicacao, data_vencimento, created_at) values
  ('d4000000-0000-0000-0000-000000000001', 'b2000000-0000-0000-0000-000000000001', 'V10',            '2024-09-01', '2025-09-01', '2024-09-01 10:00:00'),
  ('d4000000-0000-0000-0000-000000000002', 'b2000000-0000-0000-0000-000000000001', 'Antirrabica',    '2024-09-01', '2025-09-01', '2024-09-01 10:05:00'),
  ('d4000000-0000-0000-0000-000000000003', 'b2000000-0000-0000-0000-000000000002', 'Triplice Felina','2024-11-10', '2025-11-10', '2024-11-10 11:00:00'),
  ('d4000000-0000-0000-0000-000000000004', 'b2000000-0000-0000-0000-000000000003', 'V8',             '2023-10-05', '2024-10-05', '2023-10-05 09:00:00'),
  ('d4000000-0000-0000-0000-000000000005', 'b2000000-0000-0000-0000-000000000003', 'Antirrabica',    '2023-10-05', '2024-10-05', '2023-10-05 09:05:00'),
  ('d4000000-0000-0000-0000-000000000006', 'b2000000-0000-0000-0000-000000000004', 'V10',            '2025-01-15', '2026-01-15', '2025-01-15 10:00:00'),
  ('d4000000-0000-0000-0000-000000000007', 'b2000000-0000-0000-0000-000000000005', 'Triplice Felina','2023-12-20', '2024-12-20', '2023-12-20 10:00:00'),
  ('d4000000-0000-0000-0000-000000000008', 'b2000000-0000-0000-0000-000000000006', 'V10',            '2024-10-20', '2025-10-20', '2024-10-20 09:30:00'),
  ('d4000000-0000-0000-0000-000000000009', 'b2000000-0000-0000-0000-000000000006', 'Antirrabica',    '2024-10-20', '2025-10-20', '2024-10-20 09:35:00'),
  ('d4000000-0000-0000-0000-000000000010', 'b2000000-0000-0000-0000-000000000007', 'V10',            '2025-02-01', '2026-02-01', '2025-02-01 08:00:00'),
  ('d4000000-0000-0000-0000-000000000011', 'b2000000-0000-0000-0000-000000000008', 'V8',             '2023-07-10', '2024-07-10', '2023-07-10 09:00:00'),
  ('d4000000-0000-0000-0000-000000000012', 'b2000000-0000-0000-0000-000000000010', 'V10',            '2025-01-20', '2026-01-20', '2025-01-20 10:00:00');

-- ---------------
-- PLANO MENSAL
-- ---------------
insert into plano_assinantes (id, tutor_id, ativo, data_inicio, valor_mensal, created_at) values
  ('e5000000-0000-0000-0000-000000000001', 'a1000000-0000-0000-0000-000000000001', true,  '2024-08-10', 99.00, '2024-08-10 09:10:00'),
  ('e5000000-0000-0000-0000-000000000002', 'a1000000-0000-0000-0000-000000000002', true,  '2024-09-05', 99.00, '2024-09-05 10:40:00'),
  ('e5000000-0000-0000-0000-000000000003', 'a1000000-0000-0000-0000-000000000003', true,  '2024-10-01', 99.00, '2024-10-01 08:10:00'),
  ('e5000000-0000-0000-0000-000000000004', 'a1000000-0000-0000-0000-000000000005', true,  '2024-11-03', 99.00, '2024-11-03 14:10:00'),
  ('e5000000-0000-0000-0000-000000000005', 'a1000000-0000-0000-0000-000000000007', true,  '2024-12-02', 99.00, '2024-12-02 16:10:00'),
  ('e5000000-0000-0000-0000-000000000006', 'a1000000-0000-0000-0000-000000000009', false, '2024-09-10', 99.00, '2024-09-10 09:00:00'),
  ('e5000000-0000-0000-0000-000000000007', 'a1000000-0000-0000-0000-000000000010', true,  '2025-01-25', 99.00, '2025-01-25 13:10:00');

-- ---------------
-- ATENDIMENTOS
-- ---------------
insert into atendimentos (id, animal_id, servico_id, valor_cobrado, data_atendimento, observacoes, created_at) values
  ('f6000000-0000-0000-0000-000000000001', 'b2000000-0000-0000-0000-000000000001', 'c3000000-0000-0000-0000-000000000001',  80.00, '2024-09-01 09:00:00', 'Consulta de rotina, animal saudavel',           '2024-09-01 09:00:00'),
  ('f6000000-0000-0000-0000-000000000002', 'b2000000-0000-0000-0000-000000000001', 'c3000000-0000-0000-0000-000000000002', 120.00, '2024-09-01 09:30:00', 'Vacina V10 aplicada',                           '2024-09-01 09:30:00'),
  ('f6000000-0000-0000-0000-000000000003', 'b2000000-0000-0000-0000-000000000003', 'c3000000-0000-0000-0000-000000000001',  80.00, '2024-09-10 10:00:00', 'Rex com coceira, prescrito antialergico',        '2024-09-10 10:00:00'),
  ('f6000000-0000-0000-0000-000000000004', 'b2000000-0000-0000-0000-000000000004', 'c3000000-0000-0000-0000-000000000004',  70.00, '2024-10-05 11:00:00', 'Banho e tosa higienica',                        '2024-10-05 11:00:00'),
  ('f6000000-0000-0000-0000-000000000005', 'b2000000-0000-0000-0000-000000000006', 'c3000000-0000-0000-0000-000000000005', 150.00, '2024-10-20 14:00:00', 'Hemograma solicitado pelo veterinario',          '2024-10-20 14:00:00'),
  ('f6000000-0000-0000-0000-000000000006', 'b2000000-0000-0000-0000-000000000007', 'c3000000-0000-0000-0000-000000000001',  80.00, '2024-11-05 09:00:00', 'Primeira consulta, animal muito docil',          '2024-11-05 09:00:00'),
  ('f6000000-0000-0000-0000-000000000007', 'b2000000-0000-0000-0000-000000000007', 'c3000000-0000-0000-0000-000000000002', 120.00, '2024-11-05 09:30:00', 'V10 em dia',                                    '2024-11-05 09:30:00'),
  ('f6000000-0000-0000-0000-000000000008', 'b2000000-0000-0000-0000-000000000002', 'c3000000-0000-0000-0000-000000000001',  80.00, '2024-11-15 10:00:00', 'Mel com vomito, prescrito antemetico',           '2024-11-15 10:00:00'),
  ('f6000000-0000-0000-0000-000000000009', 'b2000000-0000-0000-0000-000000000002', 'c3000000-0000-0000-0000-000000000007',  40.00, '2024-11-22 10:00:00', 'Retorno - recuperacao otima',                   '2024-11-22 10:00:00'),
  ('f6000000-0000-0000-0000-000000000010', 'b2000000-0000-0000-0000-000000000009', 'c3000000-0000-0000-0000-000000000001',  80.00, '2024-12-05 08:30:00', 'Consulta inicial - animal jovem saudavel',       '2024-12-05 08:30:00'),
  ('f6000000-0000-0000-0000-000000000011', 'b2000000-0000-0000-0000-000000000010', 'c3000000-0000-0000-0000-000000000006',  45.00, '2024-12-18 11:00:00', 'Vermifugacao preventiva',                        '2024-12-18 11:00:00'),
  ('f6000000-0000-0000-0000-000000000012', 'b2000000-0000-0000-0000-000000000011', 'c3000000-0000-0000-0000-000000000001',  80.00, '2025-01-08 09:00:00', 'Consulta anual',                                 '2025-01-08 09:00:00'),
  ('f6000000-0000-0000-0000-000000000013', 'b2000000-0000-0000-0000-000000000001', 'c3000000-0000-0000-0000-000000000009', 250.00, '2025-01-20 14:00:00', 'Ultrassonografia abdominal preventiva',           '2025-01-20 14:00:00'),
  ('f6000000-0000-0000-0000-000000000014', 'b2000000-0000-0000-0000-000000000004', 'c3000000-0000-0000-0000-000000000001',  80.00, '2025-02-10 10:00:00', 'Consulta de acompanhamento',                     '2025-02-10 10:00:00'),
  ('f6000000-0000-0000-0000-000000000015', 'b2000000-0000-0000-0000-000000000012', 'c3000000-0000-0000-0000-000000000001',  80.00, '2025-02-15 15:00:00', 'Primeira visita - gato bem nutrido',             '2025-02-15 15:00:00');

-- ---------------
-- AGENDAMENTOS
-- ---------------
insert into agendamentos (id, tutor_id, animal_id, servico_id, data_agendamento, status, observacoes, valor_cobrado, created_at) values
  ('f6000000-0000-0000-0000-000000000101', 'a1000000-0000-0000-0000-000000000001', 'b2000000-0000-0000-0000-000000000001', 'c3000000-0000-0000-0000-000000000001', '2025-02-20 09:00:00', 'concluido', 'Consulta de rotina realizada',        80.00,  '2025-02-18 08:00:00'),
  ('f6000000-0000-0000-0000-000000000102', 'a1000000-0000-0000-0000-000000000003', 'b2000000-0000-0000-0000-000000000004', 'c3000000-0000-0000-0000-000000000004', '2025-02-22 11:00:00', 'concluido', 'Banho e tosa realizados com sucesso',  70.00,  '2025-02-20 09:00:00'),
  ('f6000000-0000-0000-0000-000000000103', 'a1000000-0000-0000-0000-000000000005', 'b2000000-0000-0000-0000-000000000007', 'c3000000-0000-0000-0000-000000000002', '2025-02-25 14:00:00', 'concluido', 'Vacinacao anual concluida',           120.00, '2025-02-23 10:00:00'),
  ('f6000000-0000-0000-0000-000000000104', 'a1000000-0000-0000-0000-000000000006', 'b2000000-0000-0000-0000-000000000008', 'c3000000-0000-0000-0000-000000000005', '2025-03-01 10:00:00', 'cancelado', 'Tutor nao compareceu',                null,   '2025-02-27 09:00:00'),
  ('f6000000-0000-0000-0000-000000000105', 'a1000000-0000-0000-0000-000000000002', 'b2000000-0000-0000-0000-000000000003', 'c3000000-0000-0000-0000-000000000002', '2025-04-02 09:00:00', 'agendado',  'Vacinar Rex - atrasado',             120.00, '2025-03-25 08:00:00'),
  ('f6000000-0000-0000-0000-000000000106', 'a1000000-0000-0000-0000-000000000004', 'b2000000-0000-0000-0000-000000000006', 'c3000000-0000-0000-0000-000000000001', '2025-04-03 10:30:00', 'agendado',  'Consulta anual Duke',                 80.00, '2025-03-26 09:00:00'),
  ('f6000000-0000-0000-0000-000000000107', 'a1000000-0000-0000-0000-000000000007', 'b2000000-0000-0000-0000-000000000009', 'c3000000-0000-0000-0000-000000000003', '2025-04-05 14:00:00', 'agendado',  'Antirrabica Mia',                     60.00, '2025-03-26 11:00:00'),
  ('f6000000-0000-0000-0000-000000000108', 'a1000000-0000-0000-0000-000000000009', 'b2000000-0000-0000-0000-000000000011', 'c3000000-0000-0000-0000-000000000009', '2025-04-07 09:30:00', 'agendado',  'Ultrassom preventivo Chico',         250.00, '2025-03-27 08:00:00'),
  ('f6000000-0000-0000-0000-000000000109', 'a1000000-0000-0000-0000-000000000010', 'b2000000-0000-0000-0000-000000000012', 'c3000000-0000-0000-0000-000000000001', '2025-04-08 11:00:00', 'agendado',  'Consulta Cacau primeiro semestre',     80.00, '2025-03-27 09:00:00');
